{"accuracy": [0.9843089580535889, 0.9858453869819641, 0.9857173562049866, 0.988192617893219, 0.9882352948188782, 0.9905540943145752, 0.9896152019500732, 0.9917774796485901, 0.991165816783905, 0.9915356636047363], "loss": [0.04864128306508064, 0.04369973763823509, 0.04392101988196373, 0.037824977189302444, 0.0363517589867115, 0.031215686351060867, 0.03349281847476959, 0.027259280905127525, 0.02831478789448738, 0.02728014625608921], "val_accuracy": [0.9692124128341675, 0.9488390684127808, 0.9712041616439819, 0.9526519179344177, 0.9525381326675415, 0.9789437651634216, 0.9768381714820862, 0.9659686088562012, 0.9738789200782776, 0.9721716642379761], "val_loss": [0.10460976511240005, 0.19278421998023987, 0.1028069406747818, 0.18373501300811768, 0.18320919573307037, 0.07593605667352676, 0.08769288659095764, 0.13354110717773438, 0.10165130347013474, 0.09946156293153763]}